Instance_name,BKS,Best_cost,Avrg_cost,Best_temp,Avrg_temp,Best_gap,Avrg_gap,n_iter
A-n32-k5,784,829.0,837.6,12.788434743881226,8.79,0.05739795918367347,0.07,10000.0
A-n33-k5,661,700.0,704.8,17.010539770126343,11.38,0.059001512859304085,0.07,10000.0
A-n33-k6,742,761.0,766.8,16.849326133728027,8.63,0.025606469002695417,0.03,10000.0
