alpha,max_iter,neibors,custo,tempo
0.15,1000,"[0, 1]",814.0,1.9265669345855714
0.15,15000,"[0, 1]",814.0,28.67115511894226
0.15,30000,"[0, 1]",811.0,57.39840583801269
0.28,1000,"[0, 1]",822.0,2.317280673980713
0.28,15000,"[0, 1]",806.0,34.622608232498166
0.28,30000,"[0, 1]",811.0,69.33302893638611
0.45,1000,"[0, 1]",839.0,2.9176594257354735
0.45,15000,"[0, 1]",807.0,43.95847616195679
0.45,30000,"[0, 1]",813.0,88.09052839279175
