alpha,max_iter,neibors,custo,tempo
0.1,1000,"[0, 1]",982.0,5.427139472961426
0.1,10000,"[0, 1]",959.6,54.43587636947632
0.1,25000,"[0, 1]",950.0,136.30546112060546
0.3,1000,"[0, 1]",1025.8,7.755476808547973
0.3,10000,"[0, 1]",989.8,78.10545630455017
0.3,25000,"[0, 1]",977.4,195.6094265937805
0.6,1000,"[0, 1]",1047.4,11.056008958816529
0.6,10000,"[0, 1]",1016.2,111.14180393218994
0.6,25000,"[0, 1]",1014.4,283.85574946403506
