alpha,max_iter,neibors,custo,tempo
0.1,1000,"[0, 1]",1987.6,22.223905897140504
0.1,10000,"[0, 1]",1965.0,221.3843888759613
0.1,25000,"[0, 1]",1954.4,300.0111336708069
0.3,1000,"[0, 1]",2029.4,39.06215167045593
0.3,10000,"[0, 1]",1994.2,300.01932392120364
0.3,25000,"[0, 1]",1996.6,300.0243711948395
0.6,1000,"[0, 1]",2041.4,59.82897109985352
0.6,10000,"[0, 1]",2041.2,300.03744173049927
0.6,25000,"[0, 1]",2018.2,300.0332381725311
