alpha,max_iter,neibors,custo,tempo
0.15,1000,"[0, 1]",1430.0,17.740016794204713
0.15,15000,"[0, 1]",1389.0,270.8237762928009
0.15,30000,"[0, 1]",1377.0,300.0148985862732
0.28,1000,"[0, 1]",1381.0,26.3715190410614
0.28,15000,"[0, 1]",1379.0,300.0272140979767
0.28,30000,"[0, 1]",1365.0,300.0143948554993
0.45,1000,"[0, 1]",1396.0,38.39732871055603
0.45,15000,"[0, 1]",1399.0,300.02090883255005
0.45,30000,"[0, 1]",1398.0,300.01355571746825
