alpha,max_iter,neibors,custo,tempo
0.15,1000,"[0, 1]",1430.0,17.740016794204713
0.15,15000,"[0, 1]",1389.0,270.8237762928009
0.15,30000,"[0, 1]",1377.0,300.0148985862732
