Instance_name,BKS,Best_cost,Avrg_cost,Best_temp,Avrg_temp,Best_gap,Avrg_gap
F-n135-k7,1162,1573.0,1747.4,0.32607269287109375,0.2303,0.35370051635111877,0.5038
F-n45-k4,724,919.0,1070.0,0.011003255844116211,0.0072,0.26933701657458564,0.4779
F-n72-k4,237,319.0,369.6,0.03500771522521973,0.0294,0.3459915611814346,0.5595
